{"name":"2fdce3f3-861d-470f-9761-15675d48a307","id":"/providers/Microsoft.Flow/flows/2fdce3f3-861d-470f-9761-15675d48a307","type":"Microsoft.Flow/flows","properties":{"apiId":"/providers/Microsoft.PowerApps/apis/shared_logicflows","displayName":"Paw & Heart (Notify)","definition":{"metadata":{"workflowEntityId":null,"processAdvisorMetadata":null,"flowChargedByPaygo":null,"flowclientsuspensionreason":"None","flowclientsuspensiontime":null,"flowclientsuspensionreasondetails":null,"creator":{"id":"e161deb1-493b-4bff-9a51-3d23db7e9b0f","type":"User","tenantId":"22426826-dc4c-401a-8d0e-7f97e64c0f99"},"provisioningMethod":"FromDefinition","failureAlertSubscription":true,"clientLastModifiedTime":"2024-10-21T04:33:02.4674722Z","connectionKeySavedTimeKey":"2024-10-21T04:33:02.4674722Z"},"$schema":"https://schema.management.azure.com/providers/Microsoft.Logic/schemas/2016-06-01/workflowdefinition.json#","contentVersion":"1.0.0.0","parameters":{"$authentication":{"defaultValue":{},"type":"SecureObject"},"$connections":{"defaultValue":{},"type":"Object"}},"triggers":{"When_a_row_is_added,_modified_or_deleted":{"metadata":{"operationMetadataId":"e59470fa-4236-4a14-9951-6128dc23cade"},"type":"OpenApiConnectionWebhook","inputs":{"parameters":{"subscriptionRequest/message":3,"subscriptionRequest/entityname":"ph_animalinfodetails","subscriptionRequest/scope":4,"subscriptionRequest/filteringattributes":"ph_pickupdate, ph_shelterstatus, ph-fosterfamilyname, ph_fosterfamilycontact, ph_fosterfamilyemail"},"host":{"apiId":"/providers/Microsoft.PowerApps/apis/shared_commondataserviceforapps","connectionName":"shared_commondataserviceforapps","operationId":"SubscribeWebhookTrigger"},"authentication":"@parameters('$authentication')"}}},"actions":{"Send_an_email":{"runAfter":{},"metadata":{"operationMetadataId":"1f18ffb0-2136-4e93-af80-bc97c8057cb7"},"type":"OpenApiConnection","inputs":{"parameters":{"emailMessage/To":"@triggerOutputs()?['body/ph_fosterfamilyemail']","emailMessage/Subject":"Pet ready for an adoption","emailMessage/Body":"<p class=\"editor-paragraph\">Hi @{triggerOutputs()?['body/cr5b1_fosterfamilyname']},</p><p class=\"editor-paragraph\">Team Paw &amp; Heart is hereby to notify you that @{triggerOutputs()?['body/ph_name']} is ready for Fostering,</p><p class=\"editor-paragraph\">Pickup date: @{triggerOutputs()?['body/ph_pickupdate']}</p><p class=\"editor-paragraph\">Type: @{triggerOutputs()?['body/ph_type']}</p><p class=\"editor-paragraph\">Age:@{triggerOutputs()?['body/ph_age']}</p><p class=\"editor-paragraph\">Medical Condition: @{triggerOutputs()?['body/ph_medicalconditions']}</p><p class=\"editor-paragraph\">Sex: @{triggerOutputs()?['body/ph_sex']}</p><p class=\"editor-paragraph\">Next Vet Date: @{triggerOutputs()?['body/ph_nextvetdate']}</p><p class=\"editor-paragraph\">Picture: @{triggerOutputs()?['body/ph_pictureid']}</p><br><p class=\"editor-paragraph\">For more details, call: +234 82122222</p><br><p class=\"editor-paragraph\">We look forward in seeing you.</p><br><p class=\"editor-paragraph\">Regards,</p><p class=\"editor-paragraph\">Team P&amp;H.</p>"},"host":{"apiId":"/providers/Microsoft.PowerApps/apis/shared_office365","connectionName":"shared_office365","operationId":"SendEmailV2"},"authentication":"@parameters('$authentication')"}}},"outputs":{},"description":"The notifies the New Family of a Pet"},"connectionReferences":{"shared_commondataserviceforapps":{"connectionName":"shared-commondataser-a52dfa32-d903-43d6-9043-64bee5d00e39","source":"Embedded","id":"/providers/Microsoft.PowerApps/apis/shared_commondataserviceforapps","tier":"NotSpecified"},"shared_office365":{"connectionName":"shared-office365-ea782433-2e97-4735-85f2-27ca133af850","source":"Embedded","id":"/providers/Microsoft.PowerApps/apis/shared_office365","tier":"NotSpecified"}},"flowFailureAlertSubscribed":false,"isManaged":false}}