{"name":"5c4e2942-d594-4751-973d-95fee4bb0b15","id":"/providers/Microsoft.Flow/flows/5c4e2942-d594-4751-973d-95fee4bb0b15","type":"Microsoft.Flow/flows","properties":{"apiId":"/providers/Microsoft.PowerApps/apis/shared_logicflows","displayName":"Box Order Notify - 2","definition":{"metadata":{"workflowEntityId":null,"processAdvisorMetadata":null,"flowChargedByPaygo":null,"flowclientsuspensionreason":"None","flowclientsuspensiontime":null,"flowclientsuspensionreasondetails":null,"creator":{"id":"1282a688-f055-4530-a8bd-76ed51ebe32e","type":"User","tenantId":"215b7ce2-5263-4593-a622-da030405d151"},"provisioningMethod":"FromDefinition","failureAlertSubscription":true,"clientLastModifiedTime":"2024-09-19T22:26:30.8491266Z","connectionKeySavedTimeKey":"2024-09-19T22:26:30.8491266Z"},"$schema":"https://schema.management.azure.com/providers/Microsoft.Logic/schemas/2016-06-01/workflowdefinition.json#","contentVersion":"1.0.0.0","parameters":{"$authentication":{"defaultValue":{},"type":"SecureObject"},"$connections":{"defaultValue":{},"type":"Object"}},"triggers":{"When_an_item_is_created":{"recurrence":{"frequency":"Minute","interval":1},"splitOn":"@triggerOutputs()?['body/value']","type":"OpenApiConnection","inputs":{"parameters":{"dataset":"https://infinionco0.sharepoint.com/sites/CompanyManagement","table":"8e34ec4e-bbf4-4651-a2d3-a2e98b7116c8"},"host":{"apiId":"/providers/Microsoft.PowerApps/apis/shared_sharepointonline","connectionName":"shared_sharepointonline","operationId":"GetOnNewItems"},"authentication":"@parameters('$authentication')"}}},"actions":{"Update_item":{"runAfter":{},"type":"OpenApiConnection","inputs":{"parameters":{"dataset":"https://infinionco0.sharepoint.com/sites/CompanyManagement","table":"8e34ec4e-bbf4-4651-a2d3-a2e98b7116c8","id":"@triggerBody()?['ID']","item/Requester":"@triggerBody()?['Requester']","item/RequesterContact":"@triggerBody()?['RequesterContact']","item/RequesterEmail":"@triggerBody()?['RequesterEmail']","item/RequesterAddress":"@triggerBody()?['RequesterAddress']","item/Title":"@triggerBody()?['Title']"},"host":{"apiId":"/providers/Microsoft.PowerApps/apis/shared_sharepointonline","connectionName":"shared_sharepointonline","operationId":"PatchItem"},"authentication":"@parameters('$authentication')"}},"Start_and_wait_for_an_approval":{"runAfter":{"Update_item":["Succeeded"]},"type":"OpenApiConnectionWebhook","inputs":{"parameters":{"approvalType":"Basic","WebhookApprovalCreationInput/title":"Dear Team,\nAn Order has been placed by\nOrder Status: @{body('Update_item')?['StatusOrder']?['Value']}\nName: @{body('Update_item')?['Requester']},\nEmail: @{body('Update_item')?['RequesterEmail']}, \nAddress: @{body('Update_item')?['RequesterAddress']},\nContact: @{body('Update_item')?['RequesterContact']},\nOrder ID: @{triggerBody()?['OrderID']},\nSize: @{body('Update_item')?['Size']},\nShape: @{body('Update_item')?['Shape']},\nQuantity: @{body('Update_item')?['Quantity']},\nTotal Price: @{body('Update_item')?['Total']}.\n\nRegards,\nLZcrafts.","WebhookApprovalCreationInput/assignedTo":"Aomodele@infinion.co","WebhookApprovalCreationInput/itemLink":"@triggerBody()?['{Link}']","WebhookApprovalCreationInput/enableNotifications":true,"WebhookApprovalCreationInput/enableReassignment":true},"host":{"apiId":"/providers/Microsoft.PowerApps/apis/shared_approvals","connectionName":"shared_approvals","operationId":"StartAndWaitForAnApproval"},"authentication":"@parameters('$authentication')"}},"Condition":{"actions":{"Update_item_1":{"type":"OpenApiConnection","inputs":{"parameters":{"dataset":"https://infinionco0.sharepoint.com/sites/CompanyManagement","table":"8e34ec4e-bbf4-4651-a2d3-a2e98b7116c8","id":"@body('Update_item')?['ID']","item/Requester":"@body('Update_item')?['Requester']","item/RequesterContact":"@triggerBody()?['RequesterContact']","item/RequesterEmail":"@triggerBody()?['RequesterEmail']","item/RequesterAddress":"@body('Update_item')?['RequesterAddress']","item/Title":"@body('Update_item')?['Title']","item/ApprovalStatus/Value":"Approved"},"host":{"apiId":"/providers/Microsoft.PowerApps/apis/shared_sharepointonline","connectionName":"shared_sharepointonline","operationId":"PatchItem"},"authentication":"@parameters('$authentication')"}},"Send_an_email_(V2)":{"runAfter":{"Update_item_1":["Succeeded"]},"type":"OpenApiConnection","inputs":{"parameters":{"emailMessage/To":"@body('Update_item_1')?['RequesterEmail']","emailMessage/Subject":"Box Purchase Approval Status","emailMessage/Body":"<p class=\"editor-paragraph\">Hi, <br>Your order has been approved<br>Title: @{body('Update_item_1')?['Title']}<br>Order ID: @{triggerBody()?['OrderID']}<br>Size: @{body('Update_item_1')?['Size']}<br>Shape: @{body('Update_item_1')?['Shape']}<br>Quantity: @{body('Update_item_1')?['Quantity']}<br>Total Price: @{body('Update_item_1')?['Total']}<br><br>Thanks for your patronage and always trusting our services.</p>","emailMessage/Importance":"Normal"},"host":{"apiId":"/providers/Microsoft.PowerApps/apis/shared_office365","connectionName":"shared_office365","operationId":"SendEmailV2"},"authentication":"@parameters('$authentication')"}}},"runAfter":{"Start_and_wait_for_an_approval":["Succeeded"]},"else":{"actions":{"Update_item_2":{"type":"OpenApiConnection","inputs":{"parameters":{"dataset":"https://infinionco0.sharepoint.com/sites/CompanyManagement","table":"8e34ec4e-bbf4-4651-a2d3-a2e98b7116c8","id":"@body('Update_item')?['ID']","item/Requester":"@body('Update_item')?['Requester']","item/RequesterContact":"@body('Update_item')?['RequesterContact']","item/RequesterEmail":"@body('Update_item')?['RequesterEmail']","item/RequesterAddress":"@body('Update_item')?['RequesterAddress']","item/Title":"@body('Update_item')?['Title']","item/ApprovalStatus/Value":"Rejected"},"host":{"apiId":"/providers/Microsoft.PowerApps/apis/shared_sharepointonline","connectionName":"shared_sharepointonline","operationId":"PatchItem"},"authentication":"@parameters('$authentication')"}},"Send_an_email_(V2)_1":{"runAfter":{"Update_item_2":["Succeeded"]},"type":"OpenApiConnection","inputs":{"parameters":{"emailMessage/To":"@body('Update_item_2')?['RequesterEmail']","emailMessage/Subject":"Box Purchase Approval Status","emailMessage/Body":"<p class=\"editor-paragraph\">Hi,<br>Your order has been @{body('Start_and_wait_for_an_approval')?['outcome']}<br>Title: @{body('Update_item_2')?['Title']}<br>Order ID: @{triggerBody()?['OrderID']}<br>Size: @{body('Update_item_2')?['Size']}<br>Shape: @{body('Update_item_2')?['Shape']}<br>Quantity: @{body('Update_item_2')?['Quantity']}<br>Total Price: @{body('Update_item_2')?['Total']}<br><br>Thanks for your patronage and always trusting our services.</p>","emailMessage/Importance":"Normal"},"host":{"apiId":"/providers/Microsoft.PowerApps/apis/shared_office365","connectionName":"shared_office365","operationId":"SendEmailV2"},"authentication":"@parameters('$authentication')"}}}},"expression":{"and":[{"equals":["@body('Start_and_wait_for_an_approval')?['outcome']","Approved"]}]},"type":"If"}},"outputs":{}},"connectionReferences":{"shared_sharepointonline":{"connectionName":"shared-sharepointonl-a7b2c6f2-0966-452f-9b58-04e4fe0539a2","source":"Embedded","id":"/providers/Microsoft.PowerApps/apis/shared_sharepointonline","tier":"NotSpecified"},"shared_approvals":{"connectionName":"shared-approvals-3605f541-920a-44d9-9faa-ec9ed2da1eda","source":"Embedded","id":"/providers/Microsoft.PowerApps/apis/shared_approvals","tier":"NotSpecified"},"shared_office365":{"connectionName":"shared-office365-f5747ee1-b9ab-46ba-8396-bf1cf36dafa6","source":"Embedded","id":"/providers/Microsoft.PowerApps/apis/shared_office365","tier":"NotSpecified"}},"flowFailureAlertSubscribed":false,"isManaged":false}}