{"name":"d1646037-7e1e-4a9c-bdbc-06ed0596c3bc","id":"/providers/Microsoft.Flow/flows/d1646037-7e1e-4a9c-bdbc-06ed0596c3bc","type":"Microsoft.Flow/flows","properties":{"apiId":"/providers/Microsoft.PowerApps/apis/shared_logicflows","displayName":"Requester Notification","definition":{"metadata":{"workflowEntityId":null,"processAdvisorMetadata":null,"flowChargedByPaygo":null,"flowclientsuspensionreason":"None","flowclientsuspensiontime":null,"flowclientsuspensionreasondetails":null,"creator":{"id":"1282a688-f055-4530-a8bd-76ed51ebe32e","type":"User","tenantId":"215b7ce2-5263-4593-a622-da030405d151"},"provisioningMethod":"FromDefinition","failureAlertSubscription":true,"clientLastModifiedTime":"2024-09-19T22:26:02.6524057Z","connectionKeySavedTimeKey":"2024-09-19T22:26:02.6524057Z"},"$schema":"https://schema.management.azure.com/providers/Microsoft.Logic/schemas/2016-06-01/workflowdefinition.json#","contentVersion":"1.0.0.0","parameters":{"$authentication":{"defaultValue":{},"type":"SecureObject"},"$connections":{"defaultValue":{},"type":"Object"}},"triggers":{"When_an_item_is_created":{"recurrence":{"frequency":"Minute","interval":1},"splitOn":"@triggerOutputs()?['body/value']","type":"OpenApiConnection","inputs":{"parameters":{"dataset":"https://infinionco0.sharepoint.com/sites/CompanyManagement","table":"8e34ec4e-bbf4-4651-a2d3-a2e98b7116c8"},"host":{"apiId":"/providers/Microsoft.PowerApps/apis/shared_sharepointonline","connectionName":"shared_sharepointonline","operationId":"GetOnNewItems"},"authentication":"@parameters('$authentication')"}}},"actions":{"Condition":{"actions":{"Send_an_email_(V2)":{"type":"OpenApiConnection","inputs":{"parameters":{"emailMessage/To":"@triggerBody()?['RequesterEmail']","emailMessage/Subject":"Box Purchase Details ","emailMessage/Body":"<p class=\"editor-paragraph\">Dear @{triggerBody()?['Requester']},<br>Your order has been submitted successfully.<br>Thank you for your order. Here are the details of your order:<br>Order ID: @{triggerBody()?['OrderID']}<br>Title: @{triggerBody()?['Title']}<br>Size: @{triggerBody()?['Size']}<br>Shape: @{triggerBody()?['Shape']}<br>Quantity: @{triggerBody()?['Quantity']}<br>Total Price: @{triggerBody()?['Total']}<br><br>Regards,<br>LZcrafts.</p>","emailMessage/Importance":"Normal"},"host":{"apiId":"/providers/Microsoft.PowerApps/apis/shared_office365","connectionName":"shared_office365","operationId":"SendEmailV2"},"authentication":"@parameters('$authentication')"}}},"runAfter":{},"else":{"actions":{"Send_an_email_(V2)_1":{"type":"OpenApiConnection","inputs":{"parameters":{"emailMessage/To":"@triggerBody()?['RequesterEmail']","emailMessage/Subject":"Box Purchase Details ","emailMessage/Body":"<p class=\"editor-paragraph\">Dear @{triggerBody()?['Requester']},<br>Your order has been saved as drafts successfully.<br>Thank you for your order. Here are the details of your order:<br>Order ID: @{triggerBody()?['OrderID']}<br>Title: @{triggerBody()?['Title']}<br>Size: @{triggerBody()?['Size']}<br>Shape: @{triggerBody()?['Shape']}<br>Quantity: @{triggerBody()?['Quantity']}<br>Total Price: @{triggerBody()?['Total']}<br><br>Regards,<br>LZcrafts.</p>","emailMessage/Importance":"Normal"},"host":{"apiId":"/providers/Microsoft.PowerApps/apis/shared_office365","connectionName":"shared_office365","operationId":"SendEmailV2"},"authentication":"@parameters('$authentication')"}}}},"expression":{"and":[{"equals":["@triggerBody()?['StatusOrder']","Submitted"]},{"not":{"equals":["@triggerBody()?['StatusOrder']","Submitted"]}}]},"type":"If"}},"outputs":{}},"connectionReferences":{"shared_sharepointonline":{"connectionName":"shared-sharepointonl-a7b2c6f2-0966-452f-9b58-04e4fe0539a2","source":"Embedded","id":"/providers/Microsoft.PowerApps/apis/shared_sharepointonline","tier":"NotSpecified"},"shared_office365":{"connectionName":"shared-office365-f5747ee1-b9ab-46ba-8396-bf1cf36dafa6","source":"Embedded","id":"/providers/Microsoft.PowerApps/apis/shared_office365","tier":"NotSpecified"}},"flowFailureAlertSubscribed":false,"isManaged":false}}