{"name":"b8713854-2b72-45a0-b3b3-f5628f4c55ce","id":"/providers/Microsoft.Flow/flows/b8713854-2b72-45a0-b3b3-f5628f4c55ce","type":"Microsoft.Flow/flows","properties":{"apiId":"/providers/Microsoft.PowerApps/apis/shared_logicflows","displayName":"Notify Staff Cookie Order Status","definition":{"metadata":{"workflowEntityId":null,"processAdvisorMetadata":null,"flowChargedByPaygo":null,"flowclientsuspensionreason":"None","flowclientsuspensiontime":null,"flowclientsuspensionreasondetails":null,"creator":{"id":"8ab66dba-4dd6-4c5b-a5e0-5b161add248d","type":"User","tenantId":"36d68e61-4fcf-41b8-bc84-f5bbba006d88"},"provisioningMethod":"FromDefinition","failureAlertSubscription":true,"clientLastModifiedTime":"2024-11-06T21:04:55.2596163Z","connectionKeySavedTimeKey":"2024-11-06T21:04:55.2596163Z"},"$schema":"https://schema.management.azure.com/providers/Microsoft.Logic/schemas/2016-06-01/workflowdefinition.json#","contentVersion":"1.0.0.0","parameters":{"$authentication":{"defaultValue":{},"type":"SecureObject"},"$connections":{"defaultValue":{},"type":"Object"}},"triggers":{"When_a_row_is_added,_modified_or_deleted":{"type":"OpenApiConnectionWebhook","inputs":{"parameters":{"subscriptionRequest/message":7,"subscriptionRequest/entityname":"lizdam_cookieorder","subscriptionRequest/scope":4},"host":{"apiId":"/providers/Microsoft.PowerApps/apis/shared_commondataserviceforapps","connectionName":"shared_commondataserviceforapps","operationId":"SubscribeWebhookTrigger"},"authentication":"@parameters('$authentication')"}}},"actions":{"Send_an_email":{"runAfter":{"Do_until":["Succeeded"]},"type":"OpenApiConnection","inputs":{"parameters":{"emailMessage/To":"@triggerOutputs()?['body/lizdam_requesteremail']","emailMessage/Subject":"Cookie Order","emailMessage/Body":"<p class=\"editor-paragraph\">Hi @{triggerOutputs()?['body/lizdam_requester']},</p><p class=\"editor-paragraph\">Your cookie(@{triggerOutputs()?['body/lizdam_cookietype']}),</p><p class=\"editor-paragraph\">Order ID: @{triggerOutputs()?['body/lizdam_orderid']},</p><p class=\"editor-paragraph\">Status:  Delivered,</p><p class=\"editor-paragraph\">Thank you</p>"},"host":{"apiId":"/providers/Microsoft.PowerApps/apis/shared_office365","connectionName":"shared_office365","operationId":"SendEmailV2"},"authentication":"@parameters('$authentication')"}},"Do_until":{"actions":{},"runAfter":{},"expression":"@equals(triggerOutputs()?['body/lizdam_orderstatus'],'Delivered')","limit":{"count":60,"timeout":"PT1H"},"type":"Until"}},"outputs":{},"description":""},"connectionReferences":{"shared_commondataserviceforapps":{"connectionName":"shared-commondataser-8196e92b-c144-42cf-a9cb-6536abff5e15","source":"Embedded","id":"/providers/Microsoft.PowerApps/apis/shared_commondataserviceforapps","tier":"NotSpecified"},"shared_office365":{"connectionName":"shared-office365-9e5a91b0-3bdb-4c9b-bd87-623471a3471d","source":"Embedded","id":"/providers/Microsoft.PowerApps/apis/shared_office365","tier":"NotSpecified"}},"flowFailureAlertSubscribed":false,"isManaged":false}}