{"name":"405ff5c6-c50c-41cb-814a-d056dc25193f","id":"/providers/Microsoft.Flow/flows/405ff5c6-c50c-41cb-814a-d056dc25193f","type":"Microsoft.Flow/flows","properties":{"apiId":"/providers/Microsoft.PowerApps/apis/shared_logicflows","displayName":"Order Request Reminder","definition":{"metadata":{"workflowEntityId":null,"processAdvisorMetadata":null,"flowChargedByPaygo":null,"flowclientsuspensionreason":"None","flowclientsuspensiontime":null,"flowclientsuspensionreasondetails":"","creator":{"id":"1282a688-f055-4530-a8bd-76ed51ebe32e","type":"User","tenantId":"215b7ce2-5263-4593-a622-da030405d151"},"provisioningMethod":"FromDefinition","failureAlertSubscription":true,"clientLastModifiedTime":"2024-09-20T15:01:34.1130571Z","connectionKeySavedTimeKey":"2024-09-19T20:47:20.387758Z"},"$schema":"https://schema.management.azure.com/providers/Microsoft.Logic/schemas/2016-06-01/workflowdefinition.json#","contentVersion":"undefined","parameters":{"$authentication":{"defaultValue":{},"type":"SecureObject"},"$connections":{"defaultValue":{},"type":"Object"}},"triggers":{"Recurrence":{"recurrence":{"frequency":"Day","interval":"1","startTime":"2024-09-17T11:00:00.000Z","timeZone":"W. Central Africa Standard Time","schedule":{"minutes":[30],"hours":["12","10"]}},"type":"Recurrence"}},"actions":{"Get_items":{"runAfter":{},"type":"OpenApiConnection","inputs":{"parameters":{"dataset":"https://infinionco0.sharepoint.com/sites/CompanyManagement","table":"8e34ec4e-bbf4-4651-a2d3-a2e98b7116c8","$filter":"StatusOrder eq 'Submitted'"},"host":{"apiId":"/providers/Microsoft.PowerApps/apis/shared_sharepointonline","connectionName":"shared_sharepointonline","operationId":"GetItems"},"authentication":"@parameters('$authentication')"}},"For_each":{"foreach":"@outputs('Get_items')?['body/value']","actions":{"Send_an_email_(V2)":{"type":"OpenApiConnection","inputs":{"parameters":{"emailMessage/To":"aomodele@infinion.co","emailMessage/Subject":"Approval Reminder","emailMessage/Body":"<p class=\"editor-paragraph\">Hi Team, Kindly be reminded to approve Submitted pending orders from @{items('For_each')?['RequesterEmail']} with order ID @{items('For_each')?['OrderID']}.</p><br><p class=\"editor-paragraph\">Regards,</p><p class=\"editor-paragraph\">LZcrafts.</p>","emailMessage/Importance":"Normal"},"host":{"apiId":"/providers/Microsoft.PowerApps/apis/shared_office365","connectionName":"shared_office365","operationId":"SendEmailV2"},"authentication":"@parameters('$authentication')"}}},"runAfter":{"Get_items":["Succeeded"]},"type":"Foreach"}}},"connectionReferences":{"shared_sharepointonline":{"connectionName":"shared-sharepointonl-a7b2c6f2-0966-452f-9b58-04e4fe0539a2","source":"Embedded","id":"/providers/Microsoft.PowerApps/apis/shared_sharepointonline","tier":"NotSpecified"},"shared_office365":{"connectionName":"shared-office365-f5747ee1-b9ab-46ba-8396-bf1cf36dafa6","source":"Embedded","id":"/providers/Microsoft.PowerApps/apis/shared_office365","tier":"NotSpecified"}},"flowFailureAlertSubscribed":false,"isManaged":false}}