{"name":"339b1ae0-5f90-46d1-b6e5-d7bf9584de14","id":"/providers/Microsoft.Flow/flows/339b1ae0-5f90-46d1-b6e5-d7bf9584de14","type":"Microsoft.Flow/flows","properties":{"apiId":"/providers/Microsoft.PowerApps/apis/shared_logicflows","displayName":"Approval after modifiication","definition":{"metadata":{"workflowEntityId":null,"processAdvisorMetadata":null,"flowChargedByPaygo":null,"flowclientsuspensionreason":"None","flowclientsuspensiontime":null,"flowclientsuspensionreasondetails":null,"creator":{"id":"1282a688-f055-4530-a8bd-76ed51ebe32e","type":"User","tenantId":"215b7ce2-5263-4593-a622-da030405d151"},"provisioningMethod":"FromDefinition","failureAlertSubscription":true,"clientLastModifiedTime":"2024-09-19T22:30:30.1671129Z","connectionKeySavedTimeKey":"2024-09-19T22:30:30.1671129Z"},"$schema":"https://schema.management.azure.com/providers/Microsoft.Logic/schemas/2016-06-01/workflowdefinition.json#","contentVersion":"1.0.0.0","parameters":{"$connections":{"defaultValue":{},"type":"Object"},"$authentication":{"defaultValue":{},"type":"SecureObject"}},"triggers":{"When_an_item_is_created_or_modified":{"recurrence":{"interval":1,"frequency":"Minute"},"splitOn":"@triggerOutputs()?['body/value']","metadata":{"operationMetadataId":"f17a23c6-e612-43bf-b26f-166f89e9de3d"},"type":"OpenApiConnection","inputs":{"parameters":{"dataset":"https://infinionco0.sharepoint.com/sites/CompanyManagement","table":"8e34ec4e-bbf4-4651-a2d3-a2e98b7116c8"},"host":{"apiId":"/providers/Microsoft.PowerApps/apis/shared_sharepointonline","connectionName":"shared_sharepointonline","operationId":"GetOnUpdatedItems"},"authentication":"@parameters('$authentication')"}}},"actions":{"Get_my_profile_(V2)":{"runAfter":{},"metadata":{"operationMetadataId":"c2d09b87-288f-4bf9-b31f-5e3e7b508a5f"},"type":"OpenApiConnection","inputs":{"host":{"apiId":"/providers/Microsoft.PowerApps/apis/shared_office365users","connectionName":"shared_office365users","operationId":"MyProfile_V2"},"parameters":{"$select":"Mail"},"authentication":"@parameters('$authentication')"}},"Create_an_approval_(V2)":{"runAfter":{"Get_my_profile_(V2)":["Succeeded"]},"metadata":{"operationMetadataId":"d55a21ee-98e2-4bb1-8431-daffd38c1fd5"},"type":"OpenApiConnection","inputs":{"parameters":{"approvalType":"Basic","ApprovalCreationInput/title":"Box Purchase Status","ApprovalCreationInput/assignedTo":"Aomodele@infinion.co;","ApprovalCreationInput/details":"Dear Team,\nAn Order has been placed by\nOrder Status: @{triggerBody()?['StatusOrder']?['Value']}\nName: @{triggerBody()?['Requester']},\nEmail: @{triggerBody()?['RequesterEmail']}, \nAddress: @{triggerBody()?['RequesterAddress']},\nContact: @{triggerBody()?['RequesterContact']},\nOrder ID: @{triggerBody()?['OrderID']},\nSize: @{triggerBody()?['Size']},\nShape: @{triggerBody()?['Shape']},\nQuantity: @{triggerBody()?['Quantity']},\nTotal Price: @{triggerBody()?['Total']}.\n\nRegards,\nLZcrafts.","ApprovalCreationInput/itemLink":"@triggerBody()?['{Link}']"},"host":{"apiId":"/providers/Microsoft.PowerApps/apis/shared_approvals","connectionName":"shared_approvals","operationId":"CreateAnApproval"},"authentication":"@parameters('$authentication')"}},"Apply_to_each":{"foreach":"@outputs('Create_an_approval_(V2)')?['body/approvers']","actions":{"Post_adaptive_card_in_a_chat_or_channel":{"runAfter":{},"metadata":{"operationMetadataId":"55901349-5a2c-4ac8-9c24-5eb69e7da371"},"type":"OpenApiConnection","inputs":{"parameters":{"poster":"Flow bot","location":"Chat with Flow bot","body/recipient":"@{items('Apply_to_each')?['email']};","body/messageBody":"@outputs('Create_an_approval_(V2)')?['body/adaptiveCard']"},"host":{"apiId":"/providers/Microsoft.PowerApps/apis/shared_teams","connectionName":"shared_teams","operationId":"PostCardToConversation"},"authentication":"@parameters('$authentication')"}}},"runAfter":{"Create_an_approval_(V2)":["Succeeded"]},"metadata":{"operationMetadataId":"4ed678e1-b21a-4e84-be5e-a5d3cb60f1ff"},"type":"Foreach"},"Wait_for_an_approval_(V2)":{"runAfter":{"Apply_to_each":["Succeeded"]},"metadata":{"operationMetadataId":"cf52a1cd-f4b3-4b9a-8d99-e71015e54943"},"type":"OpenApiConnectionWebhook","inputs":{"parameters":{"approvalName":"@outputs('Create_an_approval_(V2)')?['body/name']"},"host":{"apiId":"/providers/Microsoft.PowerApps/apis/shared_approvals","connectionName":"shared_approvals","operationId":"WaitForAnApproval"},"authentication":"@parameters('$authentication')"}},"Condition":{"actions":{"Apply_to_each_response_to_approve":{"foreach":"@outputs('Wait_for_an_approval_(V2)')?['body/responses']","actions":{"Inform_requestor_of_approval":{"runAfter":{"Send_an_email_(V2)":["Succeeded"]},"metadata":{"operationMetadataId":"772df1ee-33e5-46f9-b5f7-816d0c0fceae"},"type":"OpenApiConnection","inputs":{"parameters":{"poster":"Flow bot","location":"Chat with Flow bot","body/recipient":"@{triggerOutputs()?['body/Editor/Email']};","body/messageBody":"<p>@{items('Apply_to_each_response_to_approve')?['responder/displayName']} has approved your modification of [@{triggerOutputs()?['body/{Name}']}](@{triggerOutputs()?['body/{Link}']})<br>\n<br>\nComments: @{items('Apply_to_each_response_to_approve')?['comments']}</p>"},"host":{"apiId":"/providers/Microsoft.PowerApps/apis/shared_teams","connectionName":"shared_teams","operationId":"PostMessageToConversation"},"authentication":"@parameters('$authentication')"}},"Send_an_email_(V2)":{"runAfter":{},"metadata":{"operationMetadataId":"f4d9cda4-3276-44f9-9d95-4c325839b48c"},"type":"OpenApiConnection","inputs":{"host":{"apiId":"/providers/Microsoft.PowerApps/apis/shared_office365","connectionName":"shared_office365","operationId":"SendEmailV2"},"parameters":{"emailMessage/To":"@triggerBody()?['RequesterEmail']","emailMessage/Subject":"Box Purchase Approval Status","emailMessage/Body":"<p class=\"editor-paragraph\">Hi @{triggerBody()?['Requester']},<br>Your order has been approved<br>Title: @{triggerBody()?['Title']}<br>Order ID: @{triggerBody()?['OrderID']}<br>Size: @{triggerBody()?['Size']}<br>Shape: @{triggerBody()?['Shape']}<br>Quantity: @{triggerBody()?['Quantity']}<br>Total Price: @{triggerBody()?['Total']}<br><br>Thanks for your patronage and always trusting our services.</p>","emailMessage/Importance":"Normal"},"authentication":"@parameters('$authentication')"}}},"runAfter":{},"metadata":{"operationMetadataId":"5e781da7-ee2b-4c0d-9dc7-bd1bf4245be1"},"type":"Foreach"}},"runAfter":{"Wait_for_an_approval_(V2)":["Succeeded"]},"else":{"actions":{"Apply_to_each_response_to_reject":{"foreach":"@outputs('Wait_for_an_approval_(V2)')?['body/responses']","actions":{"Inform_requestor_of_rejection":{"runAfter":{"Send_an_email_(V2)_1":["Succeeded"]},"metadata":{"operationMetadataId":"042ec398-4cda-4d64-8c8a-d3646c7a87a9"},"type":"OpenApiConnection","inputs":{"parameters":{"poster":"Flow bot","location":"Chat with Flow bot","body/recipient":"@{triggerOutputs()?['body/Editor/Email']};","body/messageBody":"<p>@{items('Apply_to_each_response_to_reject')?['responder/displayName']} did not approve your modification of [@{triggerOutputs()?['body/{Name}']}](@{triggerOutputs()?['body/{Link}']})<br>\n<br>\nComments: @{items('Apply_to_each_response_to_reject')?['comments']}</p>"},"host":{"apiId":"/providers/Microsoft.PowerApps/apis/shared_teams","connectionName":"shared_teams","operationId":"PostMessageToConversation"},"authentication":"@parameters('$authentication')"}},"Send_an_email_(V2)_1":{"runAfter":{},"metadata":{"operationMetadataId":"3164d065-036c-4092-bb2e-c4f8d826208d"},"type":"OpenApiConnection","inputs":{"host":{"apiId":"/providers/Microsoft.PowerApps/apis/shared_office365","connectionName":"shared_office365","operationId":"SendEmailV2"},"parameters":{"emailMessage/To":"@triggerBody()?['RequesterEmail']","emailMessage/Subject":"Box Purchase Approval Status","emailMessage/Body":"<p class=\"editor-paragraph\">Hi @{triggerBody()?['Requester']},<br>Your order has been rejected<br>Title: @{triggerBody()?['Title']}<br>Order ID: @{triggerBody()?['OrderID']}<br>Size: @{triggerBody()?['Size']}<br>Shape: @{triggerBody()?['Shape']}<br>Quantity: @{triggerBody()?['Quantity']}<br>Total Price: @{triggerBody()?['Total']}<br><br>Kindly reachout to the team for more details,</p><p class=\"editor-paragraph\">Thanks for your patronage and always trusting our services.</p>","emailMessage/Importance":"Normal"},"authentication":"@parameters('$authentication')"}}},"runAfter":{},"metadata":{"operationMetadataId":"396ed92a-d9fb-4d45-a21c-c912f51aa20a"},"type":"Foreach"}}},"expression":{"equals":["@outputs('Wait_for_an_approval_(V2)')?['body/outcome']","Approve"]},"metadata":{"operationMetadataId":"fe59e9e3-082c-4722-9dba-4cd3cd0a197f"},"type":"If"},"Send_an_email":{"runAfter":{"Create_an_approval_(V2)":["Failed"]},"metadata":{"operationMetadataId":"9e0844db-1a56-4c9f-9768-fd03c743f31e"},"type":"OpenApiConnection","inputs":{"host":{"apiId":"/providers/Microsoft.PowerApps/apis/shared_office365","connectionName":"shared_office365","operationId":"SendEmailV2"},"parameters":{"emailMessage/To":"@{outputs('Get_my_profile_(V2)')?['body/mail']};","emailMessage/Subject":"Create an approval action failed","emailMessage/Body":"Create an approval action failed. Possible cause of failure could be invalid users assigned for approval."},"authentication":"@parameters('$authentication')"}},"Terminate":{"runAfter":{"Send_an_email":["Succeeded"]},"metadata":{"operationMetadataId":"2f9a2364-2be9-4e46-8b7f-d9b23669bb59"},"type":"Terminate","inputs":{"runStatus":"Succeeded"}}},"outputs":{},"description":"When a SharePoint item in the specified List is created or modified, send an approval request. The approver can view and approve the request in Microsoft Teams."},"connectionReferences":{"shared_office365users":{"connectionName":"6ee3427fb6434c9bbebbdf8309fd52b8","source":"Embedded","id":"/providers/Microsoft.PowerApps/apis/shared_office365users","tier":"NotSpecified"},"shared_approvals":{"connectionName":"shared-approvals-3605f541-920a-44d9-9faa-ec9ed2da1eda","source":"Embedded","id":"/providers/Microsoft.PowerApps/apis/shared_approvals","tier":"NotSpecified"},"shared_teams":{"connectionName":"shared-teams-d667b3b5-2166-446e-891d-68721f7c9b3e","source":"Embedded","id":"/providers/Microsoft.PowerApps/apis/shared_teams","tier":"NotSpecified"},"shared_office365":{"connectionName":"shared-office365-f5747ee1-b9ab-46ba-8396-bf1cf36dafa6","source":"Embedded","id":"/providers/Microsoft.PowerApps/apis/shared_office365","tier":"NotSpecified"},"shared_sharepointonline":{"connectionName":"shared-sharepointonl-a7b2c6f2-0966-452f-9b58-04e4fe0539a2","source":"Embedded","id":"/providers/Microsoft.PowerApps/apis/shared_sharepointonline","tier":"NotSpecified"}},"flowFailureAlertSubscribed":false,"isManaged":false}}