{"name":"9a151bc5-dd40-4f5f-9207-2fe59f01030f","id":"/providers/Microsoft.Flow/flows/9a151bc5-dd40-4f5f-9207-2fe59f01030f","type":"Microsoft.Flow/flows","properties":{"apiId":"/providers/Microsoft.PowerApps/apis/shared_logicflows","displayName":"For every item in SharePoint list send an approval notification to Teams Channel","definition":{"metadata":{"workflowEntityId":null,"processAdvisorMetadata":null,"flowChargedByPaygo":null,"flowclientsuspensionreason":"None","flowclientsuspensiontime":null,"flowclientsuspensionreasondetails":null,"creator":{"id":"1282a688-f055-4530-a8bd-76ed51ebe32e","type":"User","tenantId":"215b7ce2-5263-4593-a622-da030405d151"},"provisioningMethod":"FromDefinition","failureAlertSubscription":true,"clientLastModifiedTime":"2024-09-13T08:22:24.1926762Z","connectionKeySavedTimeKey":"2024-09-13T08:22:24.1926762Z"},"$schema":"https://schema.management.azure.com/providers/Microsoft.Logic/schemas/2016-06-01/workflowdefinition.json#","contentVersion":"1.0.0.0","parameters":{"$connections":{"defaultValue":{},"type":"Object"},"$authentication":{"defaultValue":{},"type":"SecureObject"}},"triggers":{"When_an_item_is_created":{"recurrence":{"interval":1,"frequency":"Minute"},"splitOn":"@triggerOutputs()?['body/value']","metadata":{"operationMetadataId":"3cfcf62f-e428-4b3d-9fc8-5b57186a5488"},"type":"OpenApiConnection","inputs":{"host":{"apiId":"/providers/Microsoft.PowerApps/apis/shared_sharepointonline","connectionName":"shared_sharepointonline","operationId":"GetOnNewItems"},"parameters":{"dataset":"https://infinionco0.sharepoint.com/sites/AdeolaP-GT","table":"756e2013-03b0-4c6b-81eb-76323e57ab1d"},"authentication":"@parameters('$authentication')"}}},"actions":{"Start_and_wait_for_an_approval":{"runAfter":{},"metadata":{"operationMetadataId":"f68fa478-b185-47a6-833b-43835d15cc32"},"type":"OpenApiConnectionWebhook","inputs":{"host":{"apiId":"/providers/Microsoft.PowerApps/apis/shared_approvals","connectionName":"shared_approvals","operationId":"StartAndWaitForAnApproval"},"parameters":{"approvalType":"Basic","WebhookApprovalCreationInput/title":"Expense Reports Details","WebhookApprovalCreationInput/assignedTo":"aomodele@infinion.co","WebhookApprovalCreationInput/details":"Here are the Expense Details:\nDestinaton: @{triggerBody()?['Location']} Amount:@{triggerBody()?['TotalExpense']} has been submitted by:@{triggerBody()?['Name']}","WebhookApprovalCreationInput/itemLink":"@triggerBody()?['{Link}']","WebhookApprovalCreationInput/enableNotifications":true,"WebhookApprovalCreationInput/enableReassignment":true},"authentication":"@parameters('$authentication')"}},"Condition_1":{"actions":{"Send_an_email_(V2)":{"runAfter":{},"metadata":{"operationMetadataId":"88f4d4a6-ee56-48fa-9376-191d437a5df7"},"type":"OpenApiConnection","inputs":{"host":{"apiId":"/providers/Microsoft.PowerApps/apis/shared_office365","connectionName":"shared_office365","operationId":"SendEmailV2"},"parameters":{"emailMessage/To":"@triggerBody()?['Email']","emailMessage/Subject":"Expense Status Report","emailMessage/Body":"<p class=\"editor-paragraph\">Hi @{triggerBody()?['Name']},</p><p class=\"editor-paragraph\">Your expense report status has been approved</p>","emailMessage/Importance":"Normal"},"authentication":"@parameters('$authentication')"}},"Update_item_4":{"runAfter":{"Send_an_email_(V2)":["Succeeded"]},"metadata":{"operationMetadataId":"b38ba1ad-2299-4582-b74e-d76e0fdb1751"},"type":"OpenApiConnection","inputs":{"host":{"apiId":"/providers/Microsoft.PowerApps/apis/shared_sharepointonline","connectionName":"shared_sharepointonline","operationId":"PatchItem"},"parameters":{"dataset":"https://infinionco0.sharepoint.com/sites/AdeolaP-GT","table":"756e2013-03b0-4c6b-81eb-76323e57ab1d","id":"@triggerBody()?['ID']","item/Title":"@triggerBody()?['Title']","item/StatusReport/Value":"Approved"},"authentication":"@parameters('$authentication')"}}},"runAfter":{"Start_and_wait_for_an_approval":["Succeeded"]},"else":{"actions":{"Send_an_email_(V2)_1":{"runAfter":{},"metadata":{"operationMetadataId":"3dd16b2e-4192-4412-a107-5e9ae3612bce"},"type":"OpenApiConnection","inputs":{"host":{"apiId":"/providers/Microsoft.PowerApps/apis/shared_office365","connectionName":"shared_office365","operationId":"SendEmailV2"},"parameters":{"emailMessage/To":"@triggerBody()?['Email']","emailMessage/Subject":"Expense Status Report","emailMessage/Body":"<p class=\"editor-paragraph\">Hi @{triggerBody()?['Name']} ,<br>Your expense report status has been rejected</p>","emailMessage/Importance":"Normal"},"authentication":"@parameters('$authentication')"}},"Update_item_3":{"runAfter":{"Send_an_email_(V2)_1":["Succeeded"]},"metadata":{"operationMetadataId":"b77076ab-25a2-44a1-a590-3734853060b3"},"type":"OpenApiConnection","inputs":{"host":{"apiId":"/providers/Microsoft.PowerApps/apis/shared_sharepointonline","connectionName":"shared_sharepointonline","operationId":"PatchItem"},"parameters":{"dataset":"https://infinionco0.sharepoint.com/sites/AdeolaP-GT","table":"756e2013-03b0-4c6b-81eb-76323e57ab1d","id":"@triggerBody()?['ID']","item/Title":"@triggerBody()?['Title']","item/StatusReport/Value":"Rejected"},"authentication":"@parameters('$authentication')"}}}},"expression":{"and":[{"equals":["@body('Start_and_wait_for_an_approval')?['outcome']","Approved"]}]},"metadata":{"operationMetadataId":"83169863-7604-4cd5-bcbf-3fac3ebc5344"},"type":"If"}},"outputs":{}},"connectionReferences":{"shared_approvals":{"connectionName":"shared-approvals-3605f541-920a-44d9-9faa-ec9ed2da1eda","source":"Embedded","id":"/providers/Microsoft.PowerApps/apis/shared_approvals","tier":"NotSpecified"},"shared_office365":{"connectionName":"shared-office365-f5747ee1-b9ab-46ba-8396-bf1cf36dafa6","source":"Embedded","id":"/providers/Microsoft.PowerApps/apis/shared_office365","tier":"NotSpecified"},"shared_sharepointonline":{"connectionName":"shared-sharepointonl-a7b2c6f2-0966-452f-9b58-04e4fe0539a2","source":"Embedded","id":"/providers/Microsoft.PowerApps/apis/shared_sharepointonline","tier":"NotSpecified"}},"flowFailureAlertSubscribed":false,"isManaged":false}}